userId,movieId,true_rating,predicted_rating,error
569,325,4.0,4.409502598246738,-0.4095025982467382
4427,220,3.0,3.083482564387974,-0.08348256438797419
334,1511,3.5,3.4265008727850645,0.07349912721493546
8458,2966,3.5,3.178956800925852,0.3210431990741478
335,558,3.5,3.7993522133466695,-0.2993522133466695
9275,2112,4.0,3.490995333134033,0.5090046668659669
1922,952,2.0,3.93232412078893,-1.93232412078893
14839,1852,2.0,1.7657145238800864,0.23428547611991357
6757,140,4.5,3.684714985093573,0.815285014906427
15637,383,4.0,3.8409872105447067,0.1590127894552933
14907,39,4.0,4.162076657329082,-0.16207665732908172
5910,2311,4.0,4.014311115274374,-0.014311115274374231
14091,199,2.0,3.1152437684669736,-1.1152437684669736
15964,56,4.0,3.532832392739621,0.4671676072603792
5787,37,5.0,4.034058787913279,0.9659412120867206
8295,4159,3.0,2.631105665721918,0.36889433427808216
8151,1083,4.0,3.7452548518224003,0.25474514817759975
8801,273,3.5,3.6082905926747086,-0.10829059267470864
11621,995,4.5,4.032288641271767,0.46771135872823333
9314,2139,2.5,3.1049345348736193,-0.6049345348736193
503,268,3.5,3.578431094687435,-0.07843109468743492
17353,161,0.5,2.127271414087969,-1.6272714140879692
2305,3396,4.0,3.317948911756911,0.6820510882430888
14289,2062,3.5,3.7760907751516455,-0.2760907751516455
11187,4622,3.5,3.593250218184543,-0.09325021818454315
7893,1054,3.0,3.6526281253680226,-0.6526281253680226
9089,160,2.5,2.880738465869764,-0.3807384658697641
3126,243,3.5,3.080527451847396,0.41947254815260404
6227,2521,3.5,3.9080846208887037,-0.4080846208887037
4895,966,3.0,3.1026264585139804,-0.10262645851398045
2386,1147,2.5,3.655665091624564,-1.1556650916245639
5829,282,3.5,3.9061631183333594,-0.4061631183333594
3508,349,2.0,3.4822247587066655,-1.4822247587066655
11775,635,4.0,3.978667187756292,0.021332812243707977
7708,911,4.0,3.6027641016062373,0.3972358983937627
6282,1822,4.0,3.8252399479448203,0.17476005205517975
16277,1998,5.0,4.085783681827724,0.9142163181722758
1341,5,3.0,3.3608906254889908,-0.36089062548899076
8595,801,4.5,3.751179704450984,0.7488202955490162
11488,2231,3.5,3.787228265684554,-0.2872282656845542
13478,576,3.5,3.7373373303668767,-0.23733733036687665
4078,47,3.5,3.63456863430508,-0.13456863430507982
6170,63,3.5,3.859497447074772,-0.35949744707477205
12826,224,3.5,4.297900385720348,-0.7979003857203484
8989,223,4.0,3.504548949309144,0.49545105069085604
16025,655,3.0,3.834496628389634,-0.8344966283896338
7990,224,5.0,3.4272814930468565,1.5727185069531435
1959,318,4.0,3.3749385371133624,0.6250614628866376
16372,2331,4.5,3.2632811298576234,1.2367188701423766
96,338,3.0,3.038637059716544,-0.038637059716544186
4663,8132,3.5,3.7269222944381966,-0.22692229443819656
907,2914,3.0,3.137985822222569,-0.13798582222256917
8141,1562,0.5,1.868252945865764,-1.368252945865764
14529,1733,4.0,3.1359275102663524,0.8640724897336476
6238,28,4.0,3.7710850608933937,0.22891493910660632
7505,1016,3.0,3.3053571185394652,-0.30535711853946523
15915,299,3.0,3.4107113320186793,-0.41071133201867926
13128,2758,3.5,4.489129270799632,-0.9891292707996318
11622,1147,4.0,3.3321306984768415,0.6678693015231585
14878,446,5.0,4.396681986171936,0.6033180138280638
6203,603,3.0,3.0409178198819933,-0.04091781988199328
8799,152,4.0,4.002643420491931,-0.0026434204919310034
7063,1663,4.0,2.5877410135166956,1.4122589864833044
13281,2313,2.5,2.720521073641187,-0.22052107364118712
12309,3666,4.0,3.700754787924433,0.29924521207556687
11123,122,0.5,2.4123054441645078,-1.9123054441645078
14591,325,4.0,3.9902051132315948,0.009794886768405231
8300,38,1.5,2.0148494151303087,-0.5148494151303087
4498,1862,5.0,3.8327531727649093,1.1672468272350907
8692,2907,0.5,1.6652913360151849,-1.1652913360151849
6162,1376,4.5,4.094082057274502,0.4059179427254982
9982,4528,3.5,3.3781987530886033,0.12180124691139671
5146,42,3.0,3.3700043492451415,-0.3700043492451415
16039,305,5.0,4.29037381408123,0.7096261859187702
12253,5611,2.0,3.916442281914748,-1.916442281914748
12465,384,4.0,4.443876176991863,-0.4438761769918633
9970,3098,2.0,2.7936151660964743,-0.7936151660964743
16031,807,3.0,2.6162593073010214,0.3837406926989786
11749,1805,3.0,3.557187346191137,-0.557187346191137
1896,37,5.0,3.767139206547457,1.2328607934525428
1664,37,4.0,4.52198051009227,-0.5219805100922699
11528,3947,3.0,2.8139699465783643,0.1860300534216357
1346,911,3.5,4.118638859189546,-0.618638859189546
10207,2388,0.5,2.8639357417963325,-2.3639357417963325
15715,347,4.5,4.338778552950206,0.1612214470497939
16760,1053,3.0,4.322838598791564,-1.3228385987915638
9708,2874,1.5,3.9303902674494537,-2.4303902674494537
2623,5186,1.5,2.224028023675309,-0.7240280236753089
13835,2326,3.5,2.868218635118419,0.6317813648815811
3529,2308,4.0,3.2916437620075025,0.7083562379924975
6681,1315,2.5,3.0918684807292762,-0.5918684807292762
11848,539,4.0,3.974666491076369,0.025333508923631065
255,38,3.5,3.579211267595029,-0.07921126759502917
1991,588,2.0,4.078972283980815,-2.078972283980815
14630,6,5.0,4.4112177499706835,0.5887822500293165
16885,1363,5.0,3.4315281754944396,1.5684718245055604
15243,2216,3.0,2.9498650061369855,0.050134993863014454
3828,603,4.5,4.2986041883021695,0.2013958116978305
14274,384,4.5,4.686224148252157,-0.18622414825215738
11046,2152,3.5,3.5491542911375116,-0.049154291137511574
2840,736,4.5,4.6532043778764445,-0.15320437787644448
16717,4223,1.0,4.013748913216992,-3.0137489132169923
13107,917,3.5,3.3636863508631305,0.1363136491368695
3959,240,4.0,3.9491014933816935,0.05089850661830653
10335,257,4.0,3.3445806682610333,0.6554193317389667
2986,787,4.0,3.787800622056045,0.21219937794395483
7909,113,3.5,3.74422915787754,-0.24422915787754018
16340,280,5.0,4.079268359950993,0.9207316400490066
3130,77,5.0,4.058802874119838,0.9411971258801621
4736,482,5.0,4.241114602494247,0.758885397505753
11071,2361,1.0,2.0711324344279247,-1.0711324344279247
14244,790,2.0,2.9249353386569608,-0.9249353386569608
12718,261,4.5,3.9885422399235417,0.5114577600764583
13511,2092,3.0,3.398853911358112,-0.398853911358112
9837,1548,4.0,3.9167565594729084,0.08324344052709165
17430,180,3.0,2.904532288958886,0.09546771104111418
11365,6554,3.0,2.4840435984326494,0.5159564015673506
4490,4011,5.0,3.9501247408397075,1.0498752591602925
5603,370,3.5,3.9692601809767942,-0.46926018097679423
2353,523,2.0,3.0912233318854625,-1.0912233318854625
2885,1727,4.5,4.106991813323934,0.39300818667606574
4510,1511,3.0,3.26041171161804,-0.26041171161804
3881,4079,4.0,3.7768829665044144,0.22311703349558565
13641,766,3.0,3.0573276618046283,-0.05732766180462834
8567,314,3.5,3.41136381135049,0.08863618864950995
9232,114,4.0,4.080238824853097,-0.08023882485309741
2366,18,4.5,4.980106703061798,-0.48010670306179826
10270,208,2.5,3.172987638716181,-0.6729876387161808
257,180,3.5,3.915615125980706,-0.41561512598070616
6144,182,0.5,0.5202062341587024,-0.020206234158702374
4391,95,2.5,3.916992401841227,-1.416992401841227
8967,2511,5.0,4.2228322745859135,0.7771677254140865
2976,1526,3.0,3.177369996577128,-0.17736999657712804
6803,196,4.5,4.2612247960340905,0.23877520396590945
1236,917,2.0,2.3380145722794605,-0.3380145722794605
14318,4708,4.5,3.2404641158446825,1.2595358841553175
12974,6430,4.0,3.0624450710725997,0.9375549289274003
6246,875,3.5,3.68265732631891,-0.18265732631890996
17177,2648,3.5,3.342739770211681,0.157260229788319
16461,2261,3.0,3.1186359861432162,-0.11863598614321624
10231,282,3.5,3.6294405712897198,-0.12944057128971975
2430,1019,4.0,2.9715330380584946,1.0284669619415054
9105,2233,0.5,3.1879793469269284,-2.6879793469269284
16473,920,2.5,3.5189435318010265,-1.0189435318010265
15469,2398,3.5,3.33988058396466,0.16011941603533986
6117,255,3.0,3.6186277307792016,-0.6186277307792016
1279,4518,4.0,3.592056286368198,0.40794371363180204
6177,427,2.5,3.4407084429004455,-0.9407084429004455
17302,4799,2.5,3.5318399554524746,-1.0318399554524746
17170,2845,2.0,4.124419300049626,-2.1244193000496256
11733,313,4.0,3.884301605787386,0.11569839421261419
2459,753,3.5,3.836953840151639,-0.3369538401516392
52,2170,4.5,3.643610357561258,0.8563896424387418
2662,720,3.5,3.3662779032968917,0.1337220967031083
16150,1736,4.0,3.766867935692785,0.233132064307215
9923,4030,4.0,4.121356660854809,-0.12135666085480867
2269,1748,4.0,3.3514926903559754,0.6485073096440246
7766,1033,1.5,2.927415701734553,-1.427415701734553
15282,5188,0.5,0.5052534763713576,-0.005253476371357646
13378,769,1.5,3.136460828578082,-1.6364608285780822
17503,106,5.0,4.149598927623421,0.8504010723765791
17240,204,4.0,3.7671680878150617,0.23283191218493826
13695,1247,4.0,3.666694565483982,0.333305434516018
4511,1460,4.0,3.5851343945445024,0.41486560545549755
15015,972,4.0,3.9316023755738767,0.0683976244261233
16075,389,3.0,2.777188650432021,0.2228113495679791
12504,111,3.5,3.4366214571289047,0.06337854287109534
11746,244,4.0,3.2909738046976957,0.7090261953023043
16601,296,2.5,4.163179737562964,-1.663179737562964
9723,738,4.0,3.640083145933155,0.3599168540668449
3472,1119,4.0,3.278492870156022,0.7215071298439781
16449,161,2.5,2.761391315336075,-0.2613913153360752
6945,7111,0.5,2.073704971135923,-1.573704971135923
1074,1097,3.5,3.085580650034982,0.41441934996501795
12966,960,4.5,3.823089096164263,0.6769109038357368
11075,2160,3.0,3.5788916814198597,-0.5788916814198597
3284,18,3.5,4.506744560099037,-1.0067445600990368
734,2391,2.5,3.3771724790444964,-0.8771724790444964
15469,721,3.5,3.518597786564505,-0.018597786564504837
16521,4511,1.0,3.2399596744312875,-2.2399596744312875
75,1212,3.0,3.585307555656915,-0.585307555656915
9173,63,4.0,3.675984119916494,0.3240158800835058
13144,180,3.5,3.2201335483094304,0.27986645169056956
12656,104,3.5,3.798748482098743,-0.29874848209874294
2094,341,5.0,4.702930175810412,0.29706982418958816
6089,2328,4.5,4.307437129900473,0.19256287009952722
4667,1822,5.0,4.168559233204103,0.8314407667958967
11862,2078,2.0,2.797360623837171,-0.7973606238371711
14778,2290,2.0,2.6687423861880712,-0.6687423861880712
12180,3770,3.5,3.4409603948542964,0.05903960514570361
968,3794,2.5,3.615571290933509,-1.115571290933509
2864,1315,5.0,4.099711539908921,0.9002884600910788
13662,7962,2.0,2.9792292564793668,-0.9792292564793668
13844,6386,3.0,3.808343008017857,-0.8083430080178569
15723,2095,3.5,2.8317667946796563,0.6682332053203437
17088,213,3.0,4.043930686391637,-1.0439306863916373
3814,168,4.0,3.3617903505772038,0.6382096494227962
8058,891,4.0,3.965140434174232,0.03485956582576799
1537,2848,3.0,3.8088673944530487,-0.8088673944530487
12388,368,4.0,3.9926995044375273,0.0073004955624726975
2140,204,2.5,2.1998030689271966,0.30019693107280343
608,286,4.5,3.9353260078369354,0.5646739921630646
3817,2136,5.0,2.920951016053877,2.079048983946123
13880,121,4.0,3.5580453017656986,0.44195469823430145
1280,1765,5.0,3.6730105193825264,1.3269894806174736
17146,891,3.0,3.4632101397886284,-0.46321013978862835
3186,1011,4.0,3.969374118038783,0.030625881961217072
11877,2219,1.0,3.0454843143084322,-2.0454843143084322
10425,553,5.0,4.32270800535761,0.6772919946423901
596,1548,2.0,3.6864025663896136,-1.6864025663896136
3696,330,4.0,3.40864272871425,0.5913572712857502
12478,4740,4.0,3.3923090160473035,0.6076909839526965
5142,40,4.0,4.031708278650332,-0.03170827865033221
14513,1768,3.0,3.3652796750117897,-0.3652796750117897
11883,521,5.0,4.319726341717611,0.6802736582823892
11152,2006,5.0,3.860326847658802,1.139673152341198
10426,662,4.0,3.7349460347192047,0.2650539652807953
9805,1575,4.5,3.991089735051011,0.5089102649489892
14763,53,3.5,4.485241313820522,-0.9852413138205218
621,1464,4.0,4.049118838917049,-0.04911883891704871
5872,1352,3.5,3.270816108131726,0.22918389186827381
14235,1689,5.0,4.4056534952420074,0.5943465047579926
15726,339,4.5,3.9918974694621463,0.5081025305378537
9172,3015,3.0,2.759623943815359,0.24037605618464086
5668,178,2.0,3.3563153521225644,-1.3563153521225644
4663,1835,3.0,3.8123244764411384,-0.8123244764411384
12176,4659,3.5,3.2473555789461535,0.25264442105384655
11318,994,3.5,2.7828257894857034,0.7171742105142966
13034,5885,3.0,3.059356554694635,-0.059356554694634855
5925,4572,5.0,3.9321754043034796,1.0678245956965204
3598,675,4.5,3.540257818862551,0.9597421811374489
7101,419,4.5,4.352409408714273,0.14759059128572716
10267,1059,3.5,3.350942641974774,0.1490573580252259
1516,106,0.5,2.254273839042625,-1.7542738390426251
15202,1118,4.0,4.116945504405239,-0.11694550440523876
8042,113,4.0,3.497092274592528,0.5029077254074719
1989,270,4.0,3.9074270653716785,0.0925729346283215
13377,1299,3.5,2.937612311751701,0.562387688248299
12079,1251,4.0,4.013745405411113,-0.013745405411112799
9795,5429,4.0,3.8518186451012784,0.14818135489872164
4255,1990,5.0,3.649487326629651,1.350512673370349
8383,2522,4.0,3.618342032990327,0.3816579670096729
2928,257,3.5,3.8645999207426924,-0.36459992074269243
8757,857,4.5,2.8834410178838077,1.6165589821161923
17286,972,4.5,3.7747174920179094,0.7252825079820906
1060,782,1.0,3.422621320853133,-2.422621320853133
4490,273,3.5,3.5224141743304025,-0.022414174330402492
8265,4787,5.0,3.896181543778048,1.1038184562219522
314,111,5.0,4.039138733958193,0.9608612660418068
14962,1429,5.0,4.447275676267525,0.552724323732475
13945,583,3.0,3.4574041249155316,-0.4574041249155316
5883,517,4.0,4.173033538615843,-0.1730335386158428
1644,944,5.0,4.204414215680441,0.7955857843195586
9909,1847,5.0,4.294595175333489,0.7054048246665108
7786,380,0.5,2.1372007950894747,-1.6372007950894747
16061,802,2.5,3.451099724977272,-0.9510997249772721
16781,1747,4.5,4.437795945087948,0.062204054912052165
9746,426,3.0,3.2277882123681083,-0.2277882123681083
8568,122,4.0,3.941362031039583,0.05863796896041684
13591,2092,3.5,3.611245855014001,-0.1112458550140012
11671,456,4.5,4.205363297806297,0.29463670219370286
960,1698,4.5,4.448341861863707,0.051658138136293275
13881,86,5.0,4.544593290212813,0.4554067097871872
6891,4153,5.0,3.8042867298641716,1.1957132701358284
162,756,3.5,3.3396549058339535,0.16034509416604648
12798,541,4.0,3.633928024161498,0.3660719758385018
9793,730,2.5,2.8325108771865484,-0.33251087718654837
5981,537,5.0,4.031659230991463,0.9683407690085373
9537,2520,3.0,3.6489448314652795,-0.6489448314652795
13015,561,2.5,2.995966072130064,-0.49596607213006383
6024,776,2.5,3.4680651698973888,-0.9680651698973888
13248,2642,4.0,3.562821186112115,0.43717881388788493
1093,582,3.5,3.92612961139146,-0.4261296113914601
9966,1041,5.0,3.9754284370103607,1.0245715629896393
13167,803,3.0,2.6604041659968054,0.3395958340031946
7388,483,4.5,4.16010810641036,0.3398918935896402
17265,214,4.0,4.582815623424041,-0.5828156234240414
3594,3020,3.0,3.1333614111942514,-0.13336141119425138
268,2075,4.0,3.670797255768594,0.32920274423140583
4040,190,3.5,4.1121504020546435,-0.6121504020546435
16619,2977,2.5,3.360898913734892,-0.8608989137348919
2532,933,3.0,2.417427859547776,0.5825721404522239
5923,340,4.5,4.205446669207802,0.2945533307921977
17492,5089,0.5,2.866225098821137,-2.366225098821137
6152,273,0.5,3.152192249304179,-2.652192249304179
1670,4819,2.5,3.3925585043278286,-0.8925585043278286
15285,1038,3.0,3.0145496305071746,-0.014549630507174616
1316,3268,1.5,1.761478882538356,-0.26147888253835605
7180,801,4.5,4.108114377911089,0.3918856220889113
12832,3,4.5,4.1011024768002144,0.39889752319978555
3287,422,4.0,3.3130803213432247,0.6869196786567753
14609,1497,1.5,2.981814031782881,-1.4818140317828812
39,851,3.0,3.9739753228030805,-0.9739753228030805
6945,1946,5.0,4.282705820725292,0.7172941792747078
4667,2191,3.0,4.170781788531423,-1.1707817885314231
16892,848,4.5,2.9979548534835856,1.5020451465164144
13884,8331,4.0,3.4329101009957883,0.5670898990042117
13475,17,3.0,4.474711914978284,-1.4747119149782844
9650,6776,4.0,4.022737968717503,-0.022737968717502888
3764,1844,4.5,4.210596980167265,0.28940301983273464
12801,1481,3.5,3.654961047422631,-0.15496104742263084
12325,4488,3.5,3.3414666045316292,0.15853339546837075
4357,40,4.5,4.1710206535988625,0.32897934640113746
4600,655,4.5,4.307948766544545,0.19205123345545516
17318,7600,3.5,3.686560750431906,-0.186560750431906
15009,501,3.5,4.054128470785372,-0.554128470785372
970,392,4.0,4.121343460522793,-0.12134346052279277
15584,965,4.5,3.7989625839633105,0.7010374160366895
11287,1425,4.0,3.2543983570866764,0.7456016429133236
13419,109,4.0,4.397891482072341,-0.3978914820723407
4358,51,4.5,3.586443024891201,0.9135569751087989
16575,305,4.0,3.59206476984406,0.4079352301559398
15567,217,3.0,3.1534316735915318,-0.15343167359153176
210,216,3.5,4.068319720074232,-0.568319720074232
16784,3391,4.0,4.212942551682588,-0.21294255168258758
10432,1523,1.5,3.2140501044999796,-1.7140501044999796
14513,763,4.0,3.789728853239989,0.2102711467600109
3849,327,2.5,3.556534999463817,-1.0565349994638171
3782,414,4.0,3.8595946923594293,0.1404053076405707
13635,1469,3.0,4.139717107429633,-1.1397171074296333
6323,799,4.0,4.2056028662445355,-0.2056028662445355
15360,12,4.5,4.394622900401298,0.10537709959870156
1324,7664,4.5,2.961021654513364,1.538978345486636
16247,87,3.0,2.2441387493718565,0.7558612506281435
16290,264,2.5,1.9767106761651598,0.5232893238348402
14201,931,4.0,3.801025035653889,0.19897496434611117
13327,2005,3.5,2.7841812692206926,0.7158187307793074
5340,7837,4.0,4.390835682326519,-0.3908356823265189
4749,917,0.5,3.278174147534309,-2.778174147534309
16826,573,4.5,4.2097527438421976,0.29024725615780245
14668,1985,5.0,3.895719224803819,1.1042807751961812
2891,2105,5.0,4.438850659387155,0.5611493406128449
7065,576,4.5,4.29059158167235,0.20940841832764967
2778,3309,4.5,3.1461893513423225,1.3538106486576775
5512,1389,2.5,2.84011329963084,-0.3401132996308398
9571,280,5.0,4.2489143277948624,0.7510856722051376
120,137,3.0,3.611063662199803,-0.6110636621998031
5743,33,4.5,2.279521016895319,2.220478983104681
4078,683,3.0,3.669619811966189,-0.6696198119661889
3458,3437,2.0,2.4100324818994796,-0.4100324818994796
2569,123,3.5,3.442729471908449,0.057270528091550865
15578,2228,3.5,1.7679273017849422,1.7320726982150578
4509,140,4.0,2.809297694185278,1.190702305814722
109,1484,1.0,1.9051297003961323,-0.9051297003961323
13530,111,4.5,4.13401829751998,0.3659817024800196
13511,7640,3.0,3.2031854846019594,-0.2031854846019594
1508,280,4.0,4.175288910159259,-0.17528891015925918
2971,787,5.0,4.53543475655433,0.4645652434456702
3123,419,5.0,4.529003165359357,0.47099683464064324
7501,1662,3.0,2.821066412618092,0.1789335873819078
3197,161,4.5,4.377927305018084,0.12207269498191575
6874,437,4.0,3.8947720965197385,0.10522790348026145
2303,611,4.0,3.813792367894736,0.18620763210526414
16081,2518,4.0,3.539106001169458,0.46089399883054183
12713,400,3.5,3.42570675472826,0.0742932452717402
2590,2174,5.0,2.0400248365755553,2.9599751634244447
11656,106,5.0,4.529257516606175,0.47074248339382496
11363,2045,4.0,3.989486097498182,0.010513902501818162
13601,1009,4.0,4.011120603572499,-0.011120603572498666
6620,122,5.0,4.003702081099171,0.9962979189008294
15935,311,4.0,3.851813603968294,0.14818639603170602
9936,709,4.5,3.733617759459038,0.7663822405409619
4732,47,1.0,1.912021677394179,-0.9120216773941789
1439,1329,4.5,4.003377233880005,0.49662276611999534
11882,650,4.0,3.403957702907352,0.596042297092648
8505,4723,3.0,3.4719206172992516,-0.4719206172992516
13287,1521,3.5,3.65878627172261,-0.15878627172260984
5551,564,4.0,3.9957026257277373,0.004297374272262733
13978,1061,3.0,2.869260353665749,0.13073964633425117
5356,1803,3.0,3.5058738230712247,-0.5058738230712247
12041,1656,5.0,3.4838558666060706,1.5161441333939294
7895,307,4.5,3.777125705284774,0.722874294715226
1830,320,2.5,3.86584618423449,-1.3658461842344898
16973,190,5.0,4.136640681713461,0.8633593182865393
908,3641,3.0,2.922810696998106,0.07718930300189397
6928,297,3.0,3.283094565802588,-0.28309456580258807
427,1054,3.5,3.3963752887921244,0.10362471120787564
3390,358,4.5,4.031087411608872,0.46891258839112826
1454,818,3.5,3.21305529400017,0.2869447059998298
2430,1476,3.5,4.084187794537797,-0.5841877945377973
1442,373,0.5,2.059648474925113,-1.5596484749251132
1343,1247,5.0,4.385841311297499,0.614158688702501
5402,2902,4.0,3.6886948699809867,0.3113051300190133
14307,3103,3.0,2.137354979408326,0.8626450205916738
267,22,4.5,4.351017959985317,0.1489820400146833
10483,336,5.0,4.649021327770838,0.3509786722291617
3109,305,5.0,4.579974739100223,0.4200252608997772
11188,1002,3.0,3.859102544477657,-0.8591025444776572
10684,4440,4.5,4.135357338922302,0.36464266107769827
14231,107,5.0,3.7773191775163535,1.2226808224836465
7527,1257,4.5,4.192875040620846,0.30712495937915385
6931,5664,4.0,4.025545661826032,-0.02554566182603235
9416,4741,2.5,3.8712547617040096,-1.3712547617040096
196,119,3.0,4.006870341399061,-1.0068703413990612
1952,467,3.5,3.8754497293081047,-0.3754497293081047
1295,235,3.5,3.948047375480688,-0.4480473754806882
4152,108,4.0,4.111746568816869,-0.11174656881686929
1835,251,5.0,4.484647701799108,0.5153522982008916
668,180,3.0,4.098982787624336,-1.0989827876243359
16289,4969,2.0,3.70148038494011,-1.7014803849401101
6974,2501,3.5,2.9121144180941583,0.5878855819058417
14530,28,3.5,3.6107509390648937,-0.11075093906489375
8273,105,4.0,3.718808885489491,0.2811911145105088
14440,1523,2.5,3.0761817986960827,-0.5761817986960827
10493,1,4.0,3.2251228837740076,0.7748771162259924
10796,103,5.0,3.6797585152212284,1.3202414847787716
6531,4087,2.5,3.578875513837683,-1.078875513837683
9632,111,5.0,4.628241483023736,0.3717585169762643
8172,2128,4.0,3.051821322779314,0.9481786772206862
4942,215,3.5,3.250860683877321,0.24913931612267914
8282,213,4.0,3.483180817715441,0.5168191822845589
12416,1917,4.0,3.447202022851351,0.5527979771486491
17173,21,4.5,4.394062272563459,0.10593772743654117
9772,1303,5.0,3.883701996324757,1.1162980036752428
3195,1852,4.0,3.99743295957863,0.002567040421369793
5171,3896,2.0,3.1739755967202066,-1.1739755967202066
4424,2373,5.0,3.901092036066133,1.098907963933867
4163,4940,3.5,2.9955077653566327,0.5044922346433673
11628,617,4.5,4.290615640502664,0.20938435949733591
11930,447,4.0,1.9622600710389173,2.0377399289610825
483,792,2.5,2.8364585513293834,-0.3364585513293834
8874,7514,4.0,4.04912609177434,-0.04912609177434035
3533,7452,2.0,3.222842205211721,-1.222842205211721
17064,4013,2.5,3.085959729607267,-0.5859597296072669
15698,243,2.5,3.338718860589766,-0.8387188605897662
4152,777,3.5,3.443990186994711,0.056009813005288844
10991,3173,4.0,3.5362513914037095,0.4637486085962905
7854,1185,5.0,4.0719892594113976,0.9280107405886024
14331,49,4.0,2.867479974492727,1.1325200255072732
4011,799,4.0,4.186602399732666,-0.18660239973266624
6231,451,4.5,4.11960825881651,0.38039174118349006
7278,3609,4.5,3.499815281690763,1.000184718309237
14910,787,4.0,3.8913692647174303,0.10863073528256972
11008,1185,5.0,4.336039377177492,0.6639606228225077
1130,275,5.0,3.9140891986589486,1.0859108013410514
6996,2716,3.5,3.6588814841402764,-0.15888148414027636
10735,868,3.0,3.2513930870069183,-0.2513930870069183
13483,801,3.5,2.3496205649787694,1.1503794350212306
11777,540,2.5,2.968680689573493,-0.46868068957349296
3735,70,4.5,3.9796116266009713,0.5203883733990287
10363,3816,4.5,4.7047440476279405,-0.20474404762794052
12504,95,3.5,3.790834325103366,-0.2908343251033658
9214,2626,3.0,2.529171806128755,0.47082819387124486
2826,1217,4.0,3.5476207847340637,0.4523792152659363
5620,8334,3.0,2.492211533946446,0.5077884660535541
16891,213,3.0,3.20367769950161,-0.20367769950160985
17350,273,4.5,3.544156370061905,0.9558436299380948
1862,3725,3.0,3.348141546168122,-0.3481415461681219
16455,1923,2.0,3.6032168904739352,-1.6032168904739352
2435,1367,3.5,2.293917285869251,1.206082714130749
1963,486,3.0,3.096048836998388,-0.09604883699838807
5051,51,4.5,3.109586425671376,1.390413574328624
11619,365,3.5,3.953685744803986,-0.45368574480398616
16382,4480,3.5,3.7881051900317435,-0.2881051900317435
15748,1439,2.0,1.6972981788827872,0.3027018211172128
5378,286,5.0,3.7653526720990933,1.2346473279009067
16257,1719,4.5,4.171061502972064,0.3289384970279361
9213,156,4.0,3.2458924680203376,0.7541075319796624
3268,550,4.0,3.9515656108716493,0.04843438912835074
8865,6584,2.5,3.801601290939156,-1.301601290939156
7377,708,4.0,3.751074138156155,0.24892586184384502
9205,1429,4.0,4.01430034699897,-0.014300346998970426
14679,812,3.0,3.505790097196359,-0.5057900971963591
10093,88,5.0,4.184057753895474,0.8159422461045258
16372,1377,1.5,2.489109807222619,-0.989109807222619
14279,77,3.0,3.5251061247191764,-0.5251061247191764
7005,3209,3.0,3.369520310777129,-0.369520310777129
17389,45,4.0,3.834254850512644,0.16574514948735608
4721,99,5.0,4.121188980850651,0.8788110191493486
3669,895,5.0,4.354433204562218,0.645566795437782
14778,62,2.0,2.3642636888558286,-0.3642636888558286
12447,573,4.0,4.307243627289366,-0.30724362728936594
17,1254,4.0,3.522618788019984,0.47738121198001604
3220,1732,4.5,4.392680940553002,0.10731905944699793
5278,104,2.5,3.7004652464525267,-1.2004652464525267
11266,3655,3.5,3.2272345416822366,0.27276545831776344
9275,625,3.5,3.2289843954456128,0.2710156045543872
15923,151,3.5,2.8735236565067215,0.6264763434932785
16120,1770,3.0,3.2472003468514035,-0.24720034685140346
2639,41,3.5,3.5241914859379553,-0.02419148593795528
7816,3299,4.5,4.089525872828916,0.4104741271710841
9865,1419,5.0,3.9230105521900174,1.0769894478099826
6700,1633,4.0,3.946905333047056,0.05309466695294418
1664,2219,3.0,2.7929584229989013,0.2070415770010987
16985,464,3.5,2.899907523866746,0.6000924761332538
10159,2730,4.0,4.018858068980001,-0.018858068980001086
6272,885,3.5,3.7784050804196623,-0.2784050804196623
15965,170,4.5,4.130234524347508,0.36976547565249174
9411,2164,4.0,4.4832224679570745,-0.48322246795707446
6609,949,3.0,2.8878778679384873,0.11212213206151267
14644,79,3.5,3.283875855049762,0.2161241449502378
1442,383,4.5,4.36035611818154,0.13964388181846044
3323,370,5.0,4.593022620571441,0.40697737942855916
4502,3318,3.0,3.3181334971862517,-0.3181334971862517
4107,324,4.5,4.523794789159054,-0.023794789159054197
1878,117,3.5,3.371886956384533,0.12811304361546716
14540,308,4.5,3.9942102999338864,0.5057897000661136
14897,1143,3.0,2.6910017336597596,0.3089982663402404
17146,268,2.0,4.565584551151733,-2.5655845511517326
9746,4182,3.0,3.0696897559733842,-0.06968975597338423
14946,1399,4.0,3.78137298224489,0.21862701775510995
9457,140,4.0,3.923312756516967,0.07668724348303302
16770,308,4.0,4.260378435964114,-0.2603784359641139
9418,339,2.5,3.3962720572653184,-0.8962720572653184
15708,799,4.0,4.187727511704556,-0.18772751170455582
15298,307,3.5,3.879785178009863,-0.3797851780098629
12711,2064,3.0,3.05659795449695,-0.05659795449694993
14073,1260,2.5,3.7420174640550887,-1.2420174640550887
1452,1766,1.5,2.3195860759989326,-0.8195860759989326
5998,535,3.5,3.3993108152188847,0.10068918478111533
12793,3935,4.0,3.7911030900725717,0.20889690992742826
13268,792,3.5,3.23800224958767,0.2619977504123301
402,923,3.5,3.50239426095741,-0.0023942609574101326
7021,539,5.0,4.252295322917102,0.7477046770828979
11145,3805,4.0,3.88528969179484,0.11471030820516015
14637,6837,3.5,2.791142906541542,0.7088570934584579
4227,298,4.5,4.3186578687906225,0.18134213120937748
8744,86,5.0,4.714152547112369,0.2858474528876309
13357,300,1.5,1.7517439183209624,-0.25174391832096243
8035,8161,4.0,3.0050603533147773,0.9949396466852227
15171,1260,4.0,4.580019838536709,-0.5800198385367086
15410,947,2.5,3.3177841808184745,-0.8177841808184745
7708,17,4.5,4.246645438738391,0.2533545612616086
15602,984,4.5,3.568484737095808,0.9315152629041918
14761,424,4.0,4.227769051717772,-0.22776905171777173
9821,3551,3.5,2.6896931670222455,0.8103068329777545
9076,4271,4.5,3.966395725372566,0.5336042746274341
10392,220,5.0,3.8707427162179697,1.1292572837820303
15620,67,4.5,3.794936363236478,0.7050636367635219
106,21,4.0,3.9907960930483495,0.00920390695165052
16401,5904,4.5,4.426591200100272,0.07340879989972837
4960,21,4.0,4.40983376659653,-0.40983376659653015
6782,55,5.0,3.7971303657011606,1.2028696342988394
12314,2427,4.0,3.898881037435343,0.10111896256465691
17318,1484,3.0,2.7901228195407075,0.2098771804592925
9133,626,3.5,4.009180374485321,-0.5091803744853207
198,2155,3.0,4.280040985625578,-1.280040985625578
6220,243,4.0,3.606039613522699,0.39396038647730114
8358,810,3.5,4.476147723328019,-0.9761477233280189
12002,868,3.5,2.875146606119692,0.6248533938803078
14482,6489,3.0,2.979568776505059,0.020431223494941086
16740,1868,3.5,3.7763648521696958,-0.27636485216969575
1508,367,4.5,4.217066199899736,0.28293380010026414
6762,163,3.5,3.8560989424909957,-0.3560989424909957
15734,1393,5.0,4.135679668368852,0.8643203316311476
3025,1444,3.5,3.777835705858543,-0.2778357058585428
2069,60,3.5,3.7876540244209442,-0.28765402442094423
8594,525,4.0,4.024799239009251,-0.024799239009251295
4566,1500,3.5,3.1256388555967023,0.3743611444032977
17405,1329,5.0,3.9202601036625473,1.0797398963374527
5825,8101,5.0,3.561421195430937,1.438578804569063
2967,1804,5.0,3.878282039927938,1.1217179600720621
13960,3559,4.5,3.819262360903435,0.6807376390965652
6071,332,1.5,3.288859857336942,-1.7888598573369419
16146,2342,3.5,3.2632863222080233,0.23671367779197672
6767,2151,3.0,2.4497498817122536,0.5502501182877464
9814,1133,2.0,2.612731339669182,-0.6127313396691818
12512,5168,3.0,4.271262663316633,-1.2712626633166328
2011,3206,3.0,3.136281537287836,-0.13628153728783587
1958,841,4.5,4.138971361926721,0.3610286380732788
11879,1516,4.5,4.343845901877502,0.1561540981224976
459,6945,3.0,3.7018115523496165,-0.7018115523496165
2990,108,3.0,4.090737899524557,-1.090737899524557
13357,1498,3.0,3.245574407662136,-0.245574407662136
721,111,4.5,4.423037049734153,0.07696295026584732
4157,4352,4.5,4.398035015051977,0.10196498494802331
11307,517,4.5,3.6021073579055405,0.8978926420944595
13663,878,4.0,3.3471958939149844,0.6528041060850156
15064,3973,3.5,3.616626837923752,-0.11662683792375184
9430,1063,0.5,2.964939490556638,-2.464939490556638
10406,1377,5.0,4.839468744550157,0.16053125544984326
132,611,3.5,3.9819034287943325,-0.48190342879433246
5965,671,3.5,3.5962200799998167,-0.09622007999981674
16555,2087,2.0,3.152849756200106,-1.1528497562001059
12528,1839,4.5,4.067090639383085,0.43290936061691543
13049,2100,3.5,4.0616300083865875,-0.5616300083865875
3982,6287,3.0,2.923399552151642,0.07660044784835796
5846,305,4.5,4.062066608277621,0.4379333917223791
3992,502,3.5,2.9818540852447804,0.5181459147552196
14851,7552,1.5,3.292498058251833,-1.7924980582518328
5467,85,3.0,4.089724061511945,-1.0897240615119452
8621,1155,3.0,3.3062434261869376,-0.30624342618693756
13914,14,2.5,2.8946539132648432,-0.3946539132648432
5382,1343,4.0,3.7233588146352976,0.2766411853647024
3290,1278,4.5,4.004855516061503,0.4951444839384971
9405,2360,4.5,4.098073315012745,0.4019266849872549
2597,456,2.0,3.678175594312437,-1.678175594312437
10604,64,1.0,2.1058340892862093,-1.1058340892862093
7527,1736,4.0,3.7824480802403677,0.21755191975963228
11189,891,3.0,4.8312072322920185,-1.8312072322920185
4347,1431,4.5,4.297289208322269,0.2027107916777311
1999,620,5.0,3.5229687330283377,1.4770312669716623
6681,5999,2.0,2.6453177209746648,-0.6453177209746648
14299,154,3.5,3.0419030983599145,0.45809690164008554
2574,6497,4.0,3.5687535931153924,0.4312464068846076
1813,4420,3.0,3.263926527221566,-0.26392652722156607
10156,1174,2.0,2.80853774932641,-0.8085377493264101
12967,286,3.5,3.0344643539421075,0.46553564605789255
11818,131,1.5,1.7163988031455515,-0.2163988031455515
5637,9238,3.5,3.3441279760831306,0.15587202391686938
12961,102,4.5,4.078723122318166,0.42127687768183364
11920,180,2.5,3.4879213461917287,-0.9879213461917287
13865,675,4.5,4.377702677428308,0.12229732257169168
162,840,4.0,4.125716701811089,-0.12571670181108896
4318,240,1.0,2.2192049484561887,-1.2192049484561887
536,742,4.0,4.372193586112372,-0.3721935861123722
10106,40,4.0,4.233798074694133,-0.23379807469413283
1516,45,4.5,4.251188537727092,0.24881146227290785
481,910,3.0,3.563233577633931,-0.5632335776339308
15312,6,4.0,3.9211392880767386,0.07886071192326138
9805,2128,4.0,3.9206261037659953,0.0793738962340047
4597,3711,0.5,2.3352819278645987,-1.8352819278645987
12035,852,3.0,3.003622276135923,-0.0036222761359230304
15001,2949,3.5,3.3026674776529226,0.19733252234707743
11388,17,5.0,4.412510064813544,0.587489935186456
5806,39,4.0,3.830893042403496,0.16910695759650407
7393,1438,4.0,4.233609814855929,-0.2336098148559289
14629,1225,2.5,2.7060802983644967,-0.2060802983644967
13942,1464,3.5,4.045122919926312,-0.5451229199263121
11975,2881,5.0,3.837555649739694,1.162444350260306
4049,749,4.0,3.8557611846698143,0.14423881533018568
16802,4976,0.5,1.7766771312220564,-1.2766771312220564
8750,293,4.0,3.141817890796458,0.858182109203542
4116,821,2.0,2.479751425031262,-0.479751425031262
17340,54,5.0,4.224612777209822,0.7753872227901777
16406,5495,4.5,3.428763079205948,1.071236920794052
2248,576,3.0,3.7789863639492154,-0.7789863639492154
2197,542,4.0,4.4522320011047025,-0.4522320011047025
9809,3762,3.0,3.1287215857040787,-0.12872158570407866
14074,4354,2.5,3.354842357464495,-0.854842357464495
9375,2731,3.5,2.9821309818532384,0.5178690181467616
14868,2624,3.5,3.0022833688564066,0.49771663114359344
15776,1505,3.0,3.2753753047906504,-0.2753753047906504
16630,691,3.5,3.809899077186537,-0.30989907718653686
11143,2116,3.5,3.567919058889883,-0.06791905888988303
7290,1923,3.5,3.683207847650696,-0.1832078476506962
477,2525,3.0,3.1074803776322173,-0.1074803776322173
10117,358,5.0,4.433930589251876,0.5660694107481241
13511,797,3.0,2.938080616147224,0.061919383852775844
8780,160,2.5,2.6078430410092857,-0.10784304100928566
7791,1308,3.5,3.405190898212785,0.0948091017872148
15036,880,4.0,4.123474425316687,-0.12347442531668662
12296,25,4.5,3.630833280464896,0.8691667195351038
1429,314,4.0,3.597560920254565,0.4024390797454349
17223,356,3.5,3.6757084592281095,-0.17570845922810951
15726,313,4.0,4.025510157000749,-0.02551015700074899
14462,57,4.0,4.134220351160375,-0.13422035116037456
13739,188,4.0,3.7298107499361333,0.27018925006386674
6369,617,4.0,4.274028092716174,-0.2740280927161738
15439,794,4.5,2.964073270808832,1.5359267291911678
17439,1735,4.0,3.900264504807879,0.099735495192121
2071,267,4.0,4.256005740248168,-0.2560057402481677
17356,234,3.0,3.1718670721427853,-0.1718670721427853
6456,155,3.5,3.41601637037753,0.08398362962247008
195,378,2.5,2.831255661409577,-0.33125566140957696
1691,7908,0.5,1.3886231353787755,-0.8886231353787755
4673,743,3.0,3.1411646230240886,-0.1411646230240886
12398,224,5.0,4.910717404451861,0.08928259554813867
11725,6768,3.5,2.8275983304972714,0.6724016695027286
1025,788,5.0,4.028785631939578,0.9712143680604219
6035,1571,4.5,4.0224425207026835,0.4775574792973165
1878,2331,4.0,3.3791330494911698,0.6208669505088302
1995,2048,4.5,3.4454744110607054,1.0545255889392946
1676,419,3.5,3.9262359085612117,-0.42623590856121174
8169,400,5.0,3.9841401097336564,1.0158598902663436
2990,5054,3.5,3.7190837281211366,-0.21908372812113663
722,1053,3.0,3.6934216229705408,-0.6934216229705408
324,61,4.5,4.517110674160613,-0.017110674160613293
11704,4755,5.0,4.147369844073727,0.8526301559262732
14142,2079,4.0,4.1086217943497,-0.1086217943497001
14694,1439,4.0,2.1919851609786365,1.8080148390213635
16659,535,4.0,4.505062469141416,-0.5050624691414161
1434,1183,3.5,3.776008402816657,-0.27600840281665695
9168,78,4.0,3.8249659393990583,0.17503406060094173
5090,2149,5.0,3.811050580622081,1.188949419377919
13026,4293,3.0,2.5781534687663905,0.4218465312336095
13735,1447,4.5,4.149123632250237,0.3508763677497626
8733,713,4.5,4.197957012759385,0.30204298724061474
17128,1001,5.0,4.5936382333073595,0.40636176669264046
6932,5131,3.5,3.303138707780389,0.1968612922196109
300,53,4.0,4.286056213587475,-0.2860562135874751
2490,4278,3.0,3.4732019218266377,-0.4732019218266377
16074,797,2.0,2.575496920291735,-0.575496920291735
9478,197,3.0,2.7894057572356576,0.21059424276434235
12580,576,4.0,3.9729336652825165,0.027066334717483542
10117,1269,3.0,3.327533785027186,-0.3275337850271862
15412,298,2.0,4.047011065247117,-2.0470110652471174
6094,28,2.0,3.2118503015589277,-1.2118503015589277
3514,1964,2.0,1.9021341809512375,0.09786581904876246
9501,60,2.0,2.1484561304031207,-0.14845613040312067
17359,918,2.5,3.476010929564028,-0.976010929564028
2122,216,4.5,4.024280770319243,0.47571922968075686
879,83,4.0,3.2489788132294892,0.7510211867705108
12885,947,5.0,3.9711367014194736,1.0288632985805264
12077,5460,2.5,3.3248594392510435,-0.8248594392510435
13331,2560,4.0,4.190708895859837,-0.19070889585983686
2053,1115,2.0,3.325514010192885,-1.3255140101928848
11636,1887,3.5,3.563477917993773,-0.06347791799377278
2196,2096,5.0,3.5905706529455417,1.4094293470544583
9277,288,2.5,3.614501692578811,-1.114501692578811
915,531,5.0,4.241848617548291,0.7581513824517092
9275,638,3.5,3.502570257346212,-0.002570257346211857
12226,1051,2.0,2.444290849541458,-0.44429084954145814
4882,730,3.5,3.781006101283315,-0.28100610128331516
9672,1083,3.5,3.576826722737429,-0.07682672273742908
14183,303,3.5,3.958651662392836,-0.45865166239283583
8236,155,2.5,2.6722854366355424,-0.1722854366355424
13493,1838,3.5,4.379191477444989,-0.8791914774449889
2622,640,3.0,3.702375769182047,-0.7023757691820469
9191,1720,4.0,4.112801730318994,-0.11280173031899388
8814,943,1.5,3.337219609712598,-1.837219609712598
9492,1031,4.0,4.053481414717751,-0.05348141471775136
13589,3654,3.5,3.1302203043602597,0.36977969563974034
16903,1471,5.0,4.736280292363446,0.26371970763655384
15038,306,1.0,2.6637704994886766,-1.6637704994886766
12116,132,3.0,2.509297293473823,0.49070270652617687
12021,2581,4.0,3.9986023084296014,0.001397691570398596
4360,1937,3.0,2.8923007740202427,0.10769922597975734
5525,956,5.0,4.128473130494712,0.8715268695052876
5027,95,5.0,4.281503812064693,0.7184961879353073
2736,815,2.0,2.5342038585666726,-0.5342038585666726
809,13,3.0,3.636956203766234,-0.6369562037662342
16470,247,5.0,3.9133364964250905,1.0866635035749095
11743,1549,4.5,4.278284000955567,0.22171599904443262
15736,2129,3.0,3.1309215503112653,-0.1309215503112653
1103,446,3.0,3.5511333624920507,-0.5511333624920507
5494,18,5.0,4.5220843377156665,0.47791566228433346
2296,480,4.5,3.3844333489026597,1.1155666510973403
7121,1665,3.0,3.3238410443627124,-0.32384104436271244
4644,2364,3.5,2.1742389938616826,1.3257610061383174
15103,893,1.0,3.704756481596954,-2.704756481596954
1135,6724,1.5,3.4101355398192603,-1.9101355398192603
10684,156,3.0,3.1967248662382626,-0.19672486623826257
2972,3591,2.0,2.88334090033913,-0.8833409003391299
10788,33,4.0,3.5115481066271568,0.4884518933728432
13215,3129,3.5,2.6677203589756084,0.8322796410243916
6318,1073,4.0,2.5727096808820784,1.4272903191179216
14529,154,2.5,2.3389747278391564,0.1610252721608436
14820,819,2.5,3.78500601253805,-1.2850060125380498
16803,4744,3.0,2.4929610365269674,0.5070389634730326
5811,86,4.0,3.7945873340664757,0.20541266593352425
11482,1127,3.0,3.321172427045931,-0.32117242704593085
3982,4554,5.0,4.075933242158924,0.924066757841076
14712,346,4.0,4.046102959456722,-0.04610295945672238
12627,805,2.5,2.9826450320556535,-0.48264503205565346
11607,5663,3.5,3.8595367830400393,-0.35953678304003933
17452,255,3.0,3.313110855544911,-0.3131108555449109
155,97,4.5,3.7913132751840033,0.7086867248159967
11406,113,3.0,3.101281252616669,-0.10128125261666909
6089,2245,2.5,3.3685229884992944,-0.8685229884992944
168,975,4.0,3.87957942959342,0.12042057040657994
12835,807,4.0,3.6360407369053505,0.36395926309464954
17071,696,4.5,4.015186634728325,0.48481336527167507
11358,2872,4.0,3.549056579028548,0.450943420971452
10432,1340,4.0,3.3016383802711484,0.6983616197288516
5483,390,4.0,3.6238265631035538,0.3761734368964462
9301,318,4.0,3.5473606533478796,0.45263934665212036
15907,1308,2.0,4.055639060340212,-2.055639060340212
3893,74,5.0,4.177185143904102,0.8228148560958983
2994,886,5.0,4.3309333136582575,0.6690666863417425
3274,5133,4.0,3.0844195936434007,0.9155804063565993
11501,4311,4.0,3.8867202572141752,0.11327974278582476
5133,1249,3.0,3.6239212938106755,-0.6239212938106755
11369,7356,4.0,3.7833343689649177,0.2166656310350823
8699,313,5.0,3.914193235910474,1.0858067640895261
12729,812,3.0,3.4765070910501517,-0.47650709105015165
5971,2552,3.0,2.1303164201691684,0.8696835798308316
7862,407,4.5,4.02891396027942,0.4710860397205803
6475,71,1.5,3.211166958862183,-1.711166958862183
10668,121,5.0,4.128641056085742,0.8713589439142577
8518,488,3.0,3.3330298804652454,-0.3330298804652454
3438,33,2.0,2.9378531301628867,-0.9378531301628867
412,652,4.0,3.1334629691111493,0.8665370308888507
9721,747,5.0,4.634252671914182,0.3657473280858179
8801,1638,3.0,3.7784600912727013,-0.7784600912727013
6853,3964,4.0,4.074163485855752,-0.07416348585575161
1710,2401,3.5,2.7479327010891623,0.7520672989108377
9821,384,4.0,3.893995832342632,0.10600416765736798
9420,576,3.5,3.401775187959569,0.09822481204043099
9224,1293,4.0,3.421440646559712,0.578559353440288
14397,2418,1.0,2.65617056835943,-1.65617056835943
1948,1100,2.0,2.3732956198682267,-0.3732956198682267
5528,1165,4.0,3.3619952526593657,0.6380047473406343
14946,524,3.5,3.7126044582216804,-0.2126044582216804
3806,5347,5.0,3.8494810157131387,1.1505189842868613
166,34,4.0,4.017744831765161,-0.017744831765161173
3514,3116,3.0,3.0203282143530594,-0.020328214353059426
3480,2445,5.0,4.35626687133853,0.64373312866147
11321,286,2.0,3.1942485671260568,-1.1942485671260568
7349,5737,4.0,3.2791589497262015,0.7208410502737985
16231,8045,4.0,3.6933855058032683,0.3066144941967317
2189,668,3.5,3.4333352470803122,0.06666475291968776
6844,931,5.0,4.631527070697091,0.368472929302909
16996,2647,4.5,3.929566065672388,0.5704339343276121
8176,221,3.5,3.034048494656623,0.4659515053433769
8619,749,4.0,3.4665552363865286,0.5334447636134714
12437,1963,4.0,3.969892923817268,0.030107076182731785
17488,1818,5.0,4.012969371960345,0.9870306280396548
13532,745,4.0,3.8139987502882344,0.18600124971176557
11015,786,3.5,3.241720784162176,0.258279215837824
784,1861,5.0,3.8754687727223316,1.1245312272776684
3665,228,4.0,3.8081870556816004,0.19181294431839957
13068,993,2.0,3.1939748955475156,-1.1939748955475156
5855,3738,4.0,3.8467813082422406,0.15321869175775937
3686,581,3.5,3.905400778770053,-0.4054007787700531
10781,782,3.0,3.750724995573146,-0.7507249955731461
515,3932,5.0,3.4265080502405176,1.5734919497594824
14365,1890,4.5,4.013400967738718,0.48659903226128165
15628,257,3.5,3.6099851475180182,-0.10998514751801824
3928,109,5.0,4.534781428055977,0.46521857194402294
6457,4660,3.0,3.1583774456651814,-0.15837744566518142
8232,95,4.5,3.9560102668325032,0.5439897331674968
4221,344,3.5,3.44965203541907,0.05034796458093016
554,321,4.0,4.356187683282182,-0.3561876832821822
6879,535,4.5,3.0858782901039072,1.4141217098960928
5438,1961,4.5,2.810705777945351,1.6892942220546492
14875,51,4.0,3.631666868618129,0.36833313138187096
6250,765,0.5,3.3011947284186363,-2.8011947284186363
4608,257,4.5,4.102937201828077,0.39706279817192325
10818,306,1.5,1.9460703950878113,-0.4460703950878113
10210,78,3.0,3.5521138108800385,-0.5521138108800385
7495,711,3.0,3.705992115268713,-0.705992115268713
7468,4070,4.0,4.0647038228531915,-0.06470382285319154
12269,0,4.0,3.5398052437080847,0.4601947562919153
17233,1394,3.5,3.707680828920366,-0.207680828920366
12491,21,3.0,3.4468336810538194,-0.4468336810538194
3695,880,4.0,3.47184368866088,0.5281563113391199
3424,685,3.5,3.8491644914746788,-0.34916449147467876
3135,5688,3.0,3.502290002142302,-0.5022900021423018
15424,1376,4.0,3.4198358408937817,0.5801641591062183
15316,993,5.0,4.875192423230227,0.12480757676977294
676,47,1.0,1.3005033125304455,-0.3005033125304455
12029,1548,4.0,4.0181431252924105,-0.018143125292410467
6706,947,4.5,3.1054543056543054,1.3945456943456946
15412,602,4.0,4.173437146758543,-0.17343714675854294
2817,984,4.5,3.7042915016826763,0.7957084983173237
9046,462,5.0,4.229025602235754,0.7709743977642463
16396,2271,4.5,4.047409965664511,0.45259003433548894
7729,49,4.0,3.7397664555423553,0.2602335444576447
11510,6991,2.0,3.6959856489755145,-1.6959856489755145
13712,2343,3.0,2.32854406721458,0.6714559327854199
9381,40,5.0,4.664404933887901,0.33559506611209944
8133,419,5.0,3.527507984845043,1.4724920151549572
14318,2091,2.0,3.301594164720621,-1.3015941647206208
13503,739,4.0,4.085270806882148,-0.08527080688214816
10671,593,4.5,4.120134413450778,0.3798655865492222
8838,801,4.0,3.820669803771017,0.17933019622898305
4473,257,1.0,2.9940081422489726,-1.9940081422489726
16117,1011,4.5,3.96208587905096,0.5379141209490399
142,3799,4.0,3.653823955065477,0.34617604493452303
7627,4669,3.0,2.920034075803112,0.07996592419688797
13086,479,5.0,4.418675696214943,0.5813243037850571
5435,494,5.0,4.116210429489326,0.8837895705106744
1999,1340,3.0,3.2061747809947634,-0.20617478099476338
12339,815,3.0,3.6267566357450165,-0.6267566357450165
6733,38,3.0,2.9140423436973606,0.0859576563026394
9613,2865,3.5,3.9830678413237,-0.4830678413237002
10061,974,2.5,2.2841433567033813,0.2158566432966187
3421,593,5.0,4.158573125344509,0.8414268746554914
15662,2447,4.5,3.937892476880918,0.562107523119082
15145,2386,4.0,3.5408247957829535,0.4591752042170465
1784,6152,2.0,3.3612328112412317,-1.3612328112412317
4115,457,3.5,4.777419118643287,-1.2774191186432873
15072,815,2.5,2.396187785396238,0.10381221460376189
613,549,4.0,3.9321310661845263,0.06786893381547365
6757,1399,3.5,3.816360872759232,-0.31636087275923197
4483,45,4.0,4.012991698299024,-0.012991698299024357
16008,592,4.0,3.6135593613251813,0.3864406386748187
337,108,4.5,3.8110213919462157,0.6889786080537843
2560,1230,3.0,3.69829234624621,-0.6982923462462098
16508,873,1.0,2.9539579040317854,-1.9539579040317854
5909,657,3.5,3.5575684584065725,-0.05756845840657254
9241,503,4.5,4.923890494382562,-0.42389049438256166
15925,685,4.0,3.980315400862263,0.019684599137737013
12512,1497,4.0,4.590565007950948,-0.5905650079509481
16209,2526,3.0,2.19614082816733,0.80385917183267
17097,809,4.0,3.17274686022197,0.8272531397780298
13202,272,2.0,2.735384279769764,-0.7353842797697641
13914,372,3.5,3.034913820156573,0.46508617984342715
1019,893,4.5,4.176593640506019,0.32340635949398067
318,1497,3.5,3.74362761921153,-0.2436276192115301
9488,1880,4.0,3.404423599471935,0.5955764005280648
13916,2166,4.0,3.7866765217115606,0.21332347828843945
4152,280,4.5,4.837141975337896,-0.3371419753378957
7488,248,3.0,3.223867684488625,-0.22386768448862515
16521,1382,4.0,2.8812750854794746,1.1187249145205254
15009,744,4.0,4.4579843029290185,-0.4579843029290185
2679,288,3.5,4.043690525300583,-0.5436905253005833
15334,1168,4.0,3.9998528536453426,0.00014714635465740145
14750,1218,4.0,3.930522565580355,0.06947743441964516
1753,1775,4.0,3.9833333139252556,0.01666668607474442
3990,255,5.0,3.979367147452877,1.020632852547123
3019,23,1.5,2.102099754104611,-0.6020997541046111
1093,848,3.5,3.7904583248774717,-0.2904583248774717
14538,625,4.5,4.105498753043467,0.39450124695653344
1088,312,2.5,2.983179926085063,-0.4831799260850631
496,96,4.0,4.019969826107289,-0.019969826107288924
3391,5111,3.0,3.51971626269827,-0.5197162626982701
3424,1712,4.0,3.841937985877137,0.15806201412286303
15950,5399,4.0,4.414919297407813,-0.4149192974078133
4155,300,1.0,2.91078011257709,-1.9107801125770898
6010,2287,1.0,1.2868102335518103,-0.28681023355181035
2036,1091,4.5,3.641418533119849,0.858581466880151
6109,5,3.5,4.333996480383846,-0.8339964803838464
8127,465,2.5,2.8823018095494763,-0.38230180954947635
1520,1158,2.5,2.617653800788555,-0.11765380078855481
11770,1995,3.5,2.9356455176479463,0.5643544823520537
14870,651,4.0,3.756195817679278,0.24380418232072198
721,517,4.0,4.087616846361979,-0.0876168463619793
4001,46,3.0,3.577236764639238,-0.5772367646392378
5413,9,0.5,2.945284272316374,-2.445284272316374
16886,1818,3.0,3.248351162437565,-0.24835116243756516
9403,984,4.5,3.946330142002534,0.5536698579974662
13286,369,4.5,4.025252020445104,0.47474797955489567
11901,610,4.5,3.9744202001122737,0.5255797998877263
2081,4181,4.0,3.6013765756463862,0.39862342435361375
3409,289,2.5,2.965267558626471,-0.4652675586264712
14697,2029,4.5,3.752127195421611,0.7478728045783889
9705,567,3.0,3.82370850409641,-0.8237085040964098
6274,3400,2.5,2.448335470413661,0.051664529586338936
3007,303,5.0,4.348209414527752,0.6517905854722477
12250,4503,3.5,3.275381527286879,0.22461847271312108
6896,59,5.0,4.604194931118847,0.3958050688811534
11725,2575,2.0,3.1283054965582062,-1.1283054965582062
7553,9081,2.5,1.5229890350166138,0.9770109649833862
17039,911,1.0,3.4358827083644434,-2.4358827083644434
15869,3,3.0,3.344115077523851,-0.34411507752385084
4582,1349,4.0,3.837124356479534,0.1628756435204659
4774,343,1.0,3.3203383040606655,-2.3203383040606655
2999,1237,3.5,3.7092911645016717,-0.20929116450167173
12829,2062,4.5,2.6673477482228085,1.8326522517771915
15291,626,3.0,3.7437183793288624,-0.7437183793288624
12749,3364,3.0,3.9580564666466005,-0.9580564666466005
3585,1455,3.5,3.301445779297583,0.1985542207024169
7505,4776,5.0,3.901348478725519,1.0986515212744812
5507,339,3.0,3.552764159021264,-0.552764159021264
13357,204,3.5,3.7214589728410434,-0.22145897284104343
3957,2070,3.5,3.1789741332854935,0.3210258667145065
15017,5537,1.0,1.375052505088886,-0.375052505088886
8204,21,5.0,4.130487881718642,0.8695121182813583
6720,1770,3.0,3.021555658795786,-0.021555658795786137
5090,47,4.5,3.639546885086647,0.8604531149133532
7684,178,4.5,3.6507397686312104,0.8492602313687896
15088,2075,4.0,3.696795859476406,0.3032041405235941
4962,5803,3.5,2.8260362705808397,0.6739637294191603
15098,1364,3.0,3.4058166645562613,-0.4058166645562613
1192,2228,2.5,2.2848259366121253,0.2151740633878747
12150,1626,3.0,3.5382491370264333,-0.5382491370264333
3899,5975,4.0,3.594277526842263,0.4057224731577369
3777,573,3.0,3.066608472993441,-0.06660847299344086
9973,321,4.5,3.7464212233582876,0.7535787766417124
3401,6616,1.5,3.29333368633218,-1.79333368633218
6609,3790,3.0,2.8812190850719546,0.11878091492804543
15311,3103,1.5,3.0839411410244817,-1.5839411410244817
8532,308,4.0,4.17754826535673,-0.17754826535673018
10293,1500,4.0,3.245318620156004,0.754681379843996
2244,828,4.0,3.529143042976616,0.47085695702338404
10200,641,3.5,3.9117303829736425,-0.4117303829736425
6361,474,5.0,3.6473426696311457,1.3526573303688543
13367,20,0.5,3.444409832650284,-2.944409832650284
1723,3265,3.5,3.3820143441121484,0.11798565588785159
9898,643,5.0,2.6848720253004443,2.3151279746995557
14715,1686,4.0,4.166797984641132,-0.16679798464113205
10458,1793,3.5,3.7331454453276356,-0.2331454453276356
16770,325,4.5,4.247372012647809,0.2526279873521906
16759,539,4.5,3.541654757391889,0.9583452426081109
7558,1127,3.0,3.180982163869519,-0.18098216386951904
7455,364,1.0,3.8952514285103685,-2.8952514285103685
3977,756,1.5,2.9615823193440414,-1.4615823193440414
6604,2994,1.0,4.0415565693911235,-3.0415565693911235
2611,2375,4.5,3.921393936030568,0.5786060639694321
2011,75,4.0,3.678817285333777,0.32118271466622295
6544,2137,4.0,4.249464241387054,-0.24946424138705403
10016,643,3.5,3.986888097842352,-0.486888097842352
16176,3693,4.5,2.9215342474591783,1.5784657525408217
6464,392,3.5,3.598299653514869,-0.0982996535148688
9934,2604,0.5,3.4055930060094237,-2.9055930060094237
9846,4830,3.5,3.418193576320748,0.08180642367925195
2365,1998,3.5,3.9365037095229143,-0.4365037095229143
13620,6286,3.5,3.132428728064103,0.3675712719358968
7501,2271,3.5,3.1598518196841914,0.3401481803158086
15280,525,4.5,3.8271128819903244,0.6728871180096756
14940,1921,2.5,2.7740245409682194,-0.2740245409682194
14686,5156,4.5,3.72361978500155,0.7763802149984498
5733,866,4.5,3.3482785695693056,1.1517214304306944
3523,419,4.5,4.625873040669929,-0.1258730406699291
5487,4241,3.0,2.596997805535094,0.4030021944649058
10963,7270,4.0,4.9607631540654396,-0.9607631540654396
481,895,4.0,3.733459826837557,0.26654017316244305
1598,1495,3.5,3.1725615493813555,0.3274384506186445
1650,744,4.0,3.82560823798811,0.17439176201189
6218,57,3.5,3.7450560188542728,-0.24505601885427275
3774,191,3.0,3.8232113837701798,-0.8232113837701798
8309,945,4.5,4.400028496011721,0.0999715039882787
6609,950,3.5,2.904291994467809,0.5957080055321908
16925,239,4.5,3.019123561965331,1.4808764380346688
1999,5098,3.0,3.4153574066312613,-0.4153574066312613
13375,244,4.0,3.783356592204293,0.2166434077957069
5950,172,3.0,3.6869117997304546,-0.6869117997304546
7362,1768,3.0,3.0639221884656638,-0.06392218846566378
